id,sector,recommendations
SME-000,Logistics,INT-ROUTE-OPT|INT-LED-EFF|INT-SOLAR-PV
SME-001,Logistics,INT-LED-EFF
SME-002,IT,INT-ROUTE-OPT|INT-LED-EFF|INT-SOLAR-PV
SME-003,Logistics,INT-ROUTE-OPT|INT-LED-EFF|INT-SOLAR-PV
SME-004,IT,INT-ROUTE-OPT|INT-LED-EFF
SME-005,IT,INT-LED-EFF
SME-006,Manufacturing,INT-LED-EFF
SME-007,Retail,INT-LED-EFF|INT-SOLAR-PV
SME-008,Logistics,INT-LED-EFF
SME-009,Logistics,INT-LED-EFF|INT-SOLAR-PV
SME-010,IT,INT-LED-EFF|INT-SOLAR-PV
SME-011,Retail,INT-LED-EFF|INT-SOLAR-PV
SME-012,Manufacturing,INT-ROUTE-OPT|INT-LED-EFF
SME-013,Retail,INT-LED-EFF
SME-014,Logistics,INT-LED-EFF|INT-SOLAR-PV
SME-015,Retail,INT-LED-EFF
SME-016,Manufacturing,INT-LED-EFF
SME-017,Manufacturing,INT-LED-EFF|INT-SOLAR-PV
SME-018,IT,INT-ROUTE-OPT|INT-LED-EFF|INT-SOLAR-PV
SME-019,Manufacturing,INT-LED-EFF
SME-020,Logistics,INT-ROUTE-OPT|INT-LED-EFF|INT-SOLAR-PV
SME-021,IT,INT-ROUTE-OPT|INT-LED-EFF|INT-SOLAR-PV
SME-022,IT,INT-ROUTE-OPT|INT-LED-EFF|INT-SOLAR-PV
SME-023,IT,INT-ROUTE-OPT|INT-LED-EFF
SME-024,IT,INT-ROUTE-OPT|INT-LED-EFF|INT-SOLAR-PV
SME-025,Retail,INT-LED-EFF
SME-026,Retail,INT-LED-EFF
SME-027,IT,INT-LED-EFF
SME-028,IT,INT-ROUTE-OPT|INT-LED-EFF
SME-029,Retail,INT-LED-EFF|INT-SOLAR-PV
SME-030,IT,INT-ROUTE-OPT|INT-LED-EFF|INT-SOLAR-PV
SME-031,Logistics,INT-LED-EFF|INT-SOLAR-PV
SME-032,Logistics,INT-ROUTE-OPT|INT-LED-EFF|INT-SOLAR-PV
SME-033,IT,INT-LED-EFF
SME-034,Retail,INT-LED-EFF|INT-SOLAR-PV
SME-035,Logistics,INT-LED-EFF
SME-036,Manufacturing,INT-LED-EFF|INT-SOLAR-PV
SME-037,Manufacturing,INT-ROUTE-OPT|INT-LED-EFF|INT-SOLAR-PV
SME-038,Manufacturing,INT-LED-EFF|INT-SOLAR-PV
SME-039,Retail,INT-ROUTE-OPT|INT-LED-EFF
SME-040,Logistics,INT-LED-EFF
SME-041,Retail,INT-LED-EFF
SME-042,Logistics,INT-LED-EFF|INT-SOLAR-PV
SME-043,IT,INT-ROUTE-OPT|INT-LED-EFF|INT-SOLAR-PV
SME-044,Retail,INT-LED-EFF
SME-045,Manufacturing,INT-LED-EFF
SME-046,IT,INT-LED-EFF
SME-047,Retail,INT-ROUTE-OPT|INT-LED-EFF|INT-SOLAR-PV
SME-048,Manufacturing,INT-LED-EFF|INT-SOLAR-PV
SME-049,Logistics,INT-LED-EFF|INT-SOLAR-PV
SME-050,Retail,INT-LED-EFF
SME-051,IT,INT-ROUTE-OPT|INT-LED-EFF|INT-SOLAR-PV
SME-052,Logistics,INT-LED-EFF
SME-053,Retail,INT-LED-EFF|INT-SOLAR-PV
SME-054,Retail,INT-ROUTE-OPT|INT-LED-EFF|INT-SOLAR-PV
SME-055,Manufacturing,INT-ROUTE-OPT|INT-LED-EFF|INT-SOLAR-PV
SME-056,Logistics,INT-LED-EFF
SME-057,Manufacturing,INT-ROUTE-OPT|INT-LED-EFF|INT-SOLAR-PV
SME-058,IT,INT-LED-EFF|INT-SOLAR-PV
SME-059,Retail,INT-LED-EFF
SME-060,IT,INT-ROUTE-OPT|INT-LED-EFF|INT-SOLAR-PV
SME-061,Manufacturing,INT-LED-EFF
SME-062,Retail,INT-LED-EFF
SME-063,IT,INT-ROUTE-OPT|INT-LED-EFF
SME-064,Retail,INT-LED-EFF
SME-065,Logistics,INT-LED-EFF
SME-066,Logistics,INT-LED-EFF
SME-067,IT,INT-LED-EFF|INT-SOLAR-PV
SME-068,Manufacturing,INT-ROUTE-OPT|INT-LED-EFF
SME-069,Retail,INT-LED-EFF
SME-070,Logistics,INT-LED-EFF|INT-SOLAR-PV
SME-071,IT,INT-ROUTE-OPT|INT-LED-EFF
SME-072,Logistics,INT-LED-EFF
SME-073,Logistics,INT-LED-EFF|INT-SOLAR-PV
SME-074,IT,INT-ROUTE-OPT|INT-LED-EFF|INT-SOLAR-PV
SME-075,Manufacturing,INT-ROUTE-OPT|INT-LED-EFF|INT-SOLAR-PV
SME-076,IT,INT-LED-EFF
SME-077,Manufacturing,INT-ROUTE-OPT|INT-LED-EFF|INT-SOLAR-PV
SME-078,IT,INT-LED-EFF
SME-079,IT,INT-LED-EFF
SME-080,Retail,INT-ROUTE-OPT|INT-LED-EFF|INT-SOLAR-PV
SME-081,Manufacturing,INT-LED-EFF
SME-082,IT,INT-LED-EFF
SME-083,Logistics,INT-LED-EFF
SME-084,IT,INT-LED-EFF
SME-085,Manufacturing,INT-LED-EFF|INT-SOLAR-PV
SME-086,Manufacturing,INT-LED-EFF
SME-087,IT,INT-LED-EFF|INT-SOLAR-PV
SME-088,Manufacturing,INT-ROUTE-OPT|INT-LED-EFF|INT-SOLAR-PV
SME-089,Manufacturing,INT-LED-EFF
SME-090,Retail,INT-LED-EFF
SME-091,Manufacturing,INT-LED-EFF|INT-SOLAR-PV
SME-092,Manufacturing,INT-ROUTE-OPT|INT-LED-EFF|INT-SOLAR-PV
SME-093,IT,INT-ROUTE-OPT|INT-LED-EFF|INT-SOLAR-PV
SME-094,Logistics,INT-LED-EFF
SME-095,Manufacturing,INT-LED-EFF
SME-096,IT,INT-ROUTE-OPT|INT-LED-EFF|INT-SOLAR-PV
SME-097,Retail,INT-LED-EFF|INT-SOLAR-PV
SME-098,Logistics,INT-LED-EFF
SME-099,IT,INT-LED-EFF
